user_id,signup_date,step_name,step_completed,timestamp,cohort_week,plan_type
1001,2025-06-21,Email Confirmed,True,2025-06-21 00:10:00,2025-06-16,free
1001,2025-06-21,Add Profile Info,True,2025-06-21 00:15:00,2025-06-16,paid
1001,2025-06-21,Connect Payment Method,False,,2025-06-16,paid
1002,2025-06-03,Email Confirmed,True,2025-06-03 00:03:00,2025-06-02,free
1002,2025-06-03,Add Profile Info,True,2025-06-03 00:12:00,2025-06-02,paid
1002,2025-06-03,Connect Payment Method,True,2025-06-03 00:31:00,2025-06-02,free
1002,2025-06-03,Invite Team Member,False,,2025-06-02,paid
1003,2025-06-18,Email Confirmed,True,2025-06-18 00:16:00,2025-06-16,paid
1003,2025-06-18,Add Profile Info,True,2025-06-18 00:18:00,2025-06-16,free
1003,2025-06-18,Connect Payment Method,False,,2025-06-16,trial
1004,2025-06-09,Email Confirmed,True,2025-06-09 00:12:00,2025-06-09,free
1004,2025-06-09,Add Profile Info,True,2025-06-09 00:17:00,2025-06-09,trial
1004,2025-06-09,Connect Payment Method,False,,2025-06-09,paid
1005,2025-06-09,Email Confirmed,True,2025-06-09 00:16:00,2025-06-09,paid
1005,2025-06-09,Add Profile Info,True,2025-06-09 00:30:00,2025-06-09,free
1005,2025-06-09,Connect Payment Method,True,2025-06-09 00:43:00,2025-06-09,paid
1005,2025-06-09,Invite Team Member,True,2025-06-09 00:47:00,2025-06-09,free
1005,2025-06-09,Complete Setup Tutorial,False,,2025-06-09,trial
1006,2025-06-03,Email Confirmed,True,2025-06-03 00:05:00,2025-06-02,trial
1006,2025-06-03,Add Profile Info,True,2025-06-03 00:18:00,2025-06-02,free
1006,2025-06-03,Connect Payment Method,True,2025-06-03 00:26:00,2025-06-02,paid
1006,2025-06-03,Invite Team Member,True,2025-06-03 00:30:00,2025-06-02,paid
1006,2025-06-03,Complete Setup Tutorial,False,,2025-06-02,paid
1007,2025-06-24,Email Confirmed,True,2025-06-24 00:16:00,2025-06-23,trial
1007,2025-06-24,Add Profile Info,True,2025-06-24 00:35:00,2025-06-23,free
1007,2025-06-24,Connect Payment Method,False,,2025-06-23,free
1008,2025-06-08,Email Confirmed,True,2025-06-08 00:12:00,2025-06-02,trial
1008,2025-06-08,Add Profile Info,True,2025-06-08 00:20:00,2025-06-02,paid
1008,2025-06-08,Connect Payment Method,False,,2025-06-02,trial
1009,2025-06-07,Email Confirmed,True,2025-06-07 00:14:00,2025-06-02,paid
1009,2025-06-07,Add Profile Info,True,2025-06-07 00:24:00,2025-06-02,free
1009,2025-06-07,Connect Payment Method,True,2025-06-07 00:43:00,2025-06-02,paid
1009,2025-06-07,Invite Team Member,True,2025-06-07 01:03:00,2025-06-02,trial
1009,2025-06-07,Complete Setup Tutorial,False,,2025-06-02,trial
1010,2025-06-12,Email Confirmed,True,2025-06-12 00:06:00,2025-06-09,paid
1010,2025-06-12,Add Profile Info,True,2025-06-12 00:09:00,2025-06-09,free
1010,2025-06-12,Connect Payment Method,True,2025-06-12 00:16:00,2025-06-09,paid
1010,2025-06-12,Invite Team Member,True,2025-06-12 00:20:00,2025-06-09,trial
1010,2025-06-12,Complete Setup Tutorial,True,2025-06-12 00:36:00,2025-06-09,paid
1011,2025-06-09,Email Confirmed,False,,2025-06-09,free
1012,2025-06-22,Email Confirmed,True,2025-06-22 00:19:00,2025-06-16,trial
1012,2025-06-22,Add Profile Info,True,2025-06-22 00:31:00,2025-06-16,free
1012,2025-06-22,Connect Payment Method,True,2025-06-22 00:38:00,2025-06-16,trial
1012,2025-06-22,Invite Team Member,True,2025-06-22 00:48:00,2025-06-16,paid
1012,2025-06-22,Complete Setup Tutorial,False,,2025-06-16,paid
1013,2025-06-30,Email Confirmed,True,2025-06-30 00:11:00,2025-06-30,paid
1013,2025-06-30,Add Profile Info,True,2025-06-30 00:19:00,2025-06-30,free
1013,2025-06-30,Connect Payment Method,True,2025-06-30 00:26:00,2025-06-30,paid
1013,2025-06-30,Invite Team Member,False,,2025-06-30,paid
1014,2025-06-30,Email Confirmed,True,2025-06-30 00:12:00,2025-06-30,trial
1014,2025-06-30,Add Profile Info,True,2025-06-30 00:25:00,2025-06-30,trial
1014,2025-06-30,Connect Payment Method,True,2025-06-30 00:34:00,2025-06-30,paid
1014,2025-06-30,Invite Team Member,False,,2025-06-30,free
1015,2025-06-24,Email Confirmed,True,2025-06-24 00:04:00,2025-06-23,paid
1015,2025-06-24,Add Profile Info,True,2025-06-24 00:10:00,2025-06-23,paid
1015,2025-06-24,Connect Payment Method,True,2025-06-24 00:29:00,2025-06-23,free
1015,2025-06-24,Invite Team Member,True,2025-06-24 00:44:00,2025-06-23,free
1015,2025-06-24,Complete Setup Tutorial,False,,2025-06-23,paid
1016,2025-06-23,Email Confirmed,True,2025-06-23 00:11:00,2025-06-23,trial
1016,2025-06-23,Add Profile Info,False,,2025-06-23,paid
1017,2025-06-12,Email Confirmed,True,2025-06-12 00:18:00,2025-06-09,trial
1017,2025-06-12,Add Profile Info,True,2025-06-12 00:27:00,2025-06-09,free
1017,2025-06-12,Connect Payment Method,True,2025-06-12 00:47:00,2025-06-09,paid
1017,2025-06-12,Invite Team Member,True,2025-06-12 00:56:00,2025-06-09,free
1017,2025-06-12,Complete Setup Tutorial,True,2025-06-12 00:59:00,2025-06-09,free
1018,2025-06-03,Email Confirmed,False,,2025-06-02,trial
1019,2025-06-03,Email Confirmed,True,2025-06-03 00:10:00,2025-06-02,paid
1019,2025-06-03,Add Profile Info,True,2025-06-03 00:29:00,2025-06-02,free
1019,2025-06-03,Connect Payment Method,False,,2025-06-02,paid
1020,2025-06-19,Email Confirmed,True,2025-06-19 00:17:00,2025-06-16,trial
1020,2025-06-19,Add Profile Info,True,2025-06-19 00:22:00,2025-06-16,paid
1020,2025-06-19,Connect Payment Method,True,2025-06-19 00:37:00,2025-06-16,trial
1020,2025-06-19,Invite Team Member,True,2025-06-19 00:40:00,2025-06-16,paid
1020,2025-06-19,Complete Setup Tutorial,False,,2025-06-16,paid
1021,2025-06-04,Email Confirmed,True,2025-06-04 00:12:00,2025-06-02,free
1021,2025-06-04,Add Profile Info,True,2025-06-04 00:20:00,2025-06-02,paid
1021,2025-06-04,Connect Payment Method,True,2025-06-04 00:35:00,2025-06-02,free
1021,2025-06-04,Invite Team Member,True,2025-06-04 00:44:00,2025-06-02,free
1021,2025-06-04,Complete Setup Tutorial,False,,2025-06-02,paid
1022,2025-06-04,Email Confirmed,True,2025-06-04 00:19:00,2025-06-02,free
1022,2025-06-04,Add Profile Info,False,,2025-06-02,free
1023,2025-06-06,Email Confirmed,True,2025-06-06 00:17:00,2025-06-02,free
1023,2025-06-06,Add Profile Info,False,,2025-06-02,free
1024,2025-06-06,Email Confirmed,True,2025-06-06 00:14:00,2025-06-02,trial
1024,2025-06-06,Add Profile Info,False,,2025-06-02,trial
1025,2025-06-10,Email Confirmed,True,2025-06-10 00:19:00,2025-06-09,paid
1025,2025-06-10,Add Profile Info,True,2025-06-10 00:25:00,2025-06-09,free
1025,2025-06-10,Connect Payment Method,True,2025-06-10 00:28:00,2025-06-09,paid
1025,2025-06-10,Invite Team Member,False,,2025-06-09,free
1026,2025-06-24,Email Confirmed,True,2025-06-24 00:03:00,2025-06-23,paid
1026,2025-06-24,Add Profile Info,True,2025-06-24 00:21:00,2025-06-23,free
1026,2025-06-24,Connect Payment Method,True,2025-06-24 00:39:00,2025-06-23,free
1026,2025-06-24,Invite Team Member,False,,2025-06-23,free
1027,2025-06-20,Email Confirmed,True,2025-06-20 00:09:00,2025-06-16,trial
1027,2025-06-20,Add Profile Info,True,2025-06-20 00:29:00,2025-06-16,free
1027,2025-06-20,Connect Payment Method,True,2025-06-20 00:32:00,2025-06-16,paid
1027,2025-06-20,Invite Team Member,True,2025-06-20 00:52:00,2025-06-16,paid
1027,2025-06-20,Complete Setup Tutorial,False,,2025-06-16,trial
1028,2025-06-07,Email Confirmed,True,2025-06-07 00:12:00,2025-06-02,free
1028,2025-06-07,Add Profile Info,True,2025-06-07 00:18:00,2025-06-02,paid
1028,2025-06-07,Connect Payment Method,True,2025-06-07 00:34:00,2025-06-02,trial
1028,2025-06-07,Invite Team Member,False,,2025-06-02,free
1029,2025-06-01,Email Confirmed,True,2025-06-01 00:20:00,2025-05-26,free
1029,2025-06-01,Add Profile Info,True,2025-06-01 00:28:00,2025-05-26,paid
1029,2025-06-01,Connect Payment Method,True,2025-06-01 00:41:00,2025-05-26,free
1029,2025-06-01,Invite Team Member,False,,2025-05-26,trial
1030,2025-06-10,Email Confirmed,True,2025-06-10 00:19:00,2025-06-09,paid
1030,2025-06-10,Add Profile Info,True,2025-06-10 00:37:00,2025-06-09,free
1030,2025-06-10,Connect Payment Method,False,,2025-06-09,paid
1031,2025-06-10,Email Confirmed,False,,2025-06-09,free
1032,2025-07-01,Email Confirmed,True,2025-07-01 00:10:00,2025-06-30,free
1032,2025-07-01,Add Profile Info,False,,2025-06-30,paid
1033,2025-06-18,Email Confirmed,True,2025-06-18 00:11:00,2025-06-16,paid
1033,2025-06-18,Add Profile Info,True,2025-06-18 00:23:00,2025-06-16,free
1033,2025-06-18,Connect Payment Method,False,,2025-06-16,trial
1034,2025-06-17,Email Confirmed,True,2025-06-17 00:03:00,2025-06-16,free
1034,2025-06-17,Add Profile Info,True,2025-06-17 00:13:00,2025-06-16,free
1034,2025-06-17,Connect Payment Method,True,2025-06-17 00:19:00,2025-06-16,paid
1034,2025-06-17,Invite Team Member,False,,2025-06-16,free
1035,2025-06-24,Email Confirmed,True,2025-06-24 00:15:00,2025-06-23,paid
1035,2025-06-24,Add Profile Info,True,2025-06-24 00:19:00,2025-06-23,paid
1035,2025-06-24,Connect Payment Method,False,,2025-06-23,paid
1036,2025-06-02,Email Confirmed,True,2025-06-02 00:20:00,2025-06-02,paid
1036,2025-06-02,Add Profile Info,True,2025-06-02 00:26:00,2025-06-02,free
1036,2025-06-02,Connect Payment Method,True,2025-06-02 00:29:00,2025-06-02,trial
1036,2025-06-02,Invite Team Member,True,2025-06-02 00:38:00,2025-06-02,paid
1036,2025-06-02,Complete Setup Tutorial,True,2025-06-02 00:57:00,2025-06-02,trial
1037,2025-06-20,Email Confirmed,True,2025-06-20 00:09:00,2025-06-16,free
1037,2025-06-20,Add Profile Info,False,,2025-06-16,free
1038,2025-06-29,Email Confirmed,True,2025-06-29 00:07:00,2025-06-23,paid
1038,2025-06-29,Add Profile Info,False,,2025-06-23,trial
1039,2025-06-26,Email Confirmed,True,2025-06-26 00:09:00,2025-06-23,trial
1039,2025-06-26,Add Profile Info,True,2025-06-26 00:14:00,2025-06-23,trial
1039,2025-06-26,Connect Payment Method,False,,2025-06-23,trial
1040,2025-06-08,Email Confirmed,True,2025-06-08 00:16:00,2025-06-02,trial
1040,2025-06-08,Add Profile Info,True,2025-06-08 00:25:00,2025-06-02,free
1040,2025-06-08,Connect Payment Method,True,2025-06-08 00:33:00,2025-06-02,trial
1040,2025-06-08,Invite Team Member,True,2025-06-08 00:37:00,2025-06-02,trial
1040,2025-06-08,Complete Setup Tutorial,True,2025-06-08 00:55:00,2025-06-02,trial
1041,2025-06-22,Email Confirmed,False,,2025-06-16,paid
1042,2025-06-11,Email Confirmed,False,,2025-06-09,free
1043,2025-06-29,Email Confirmed,False,,2025-06-23,free
1044,2025-06-19,Email Confirmed,False,,2025-06-16,trial
1045,2025-06-02,Email Confirmed,True,2025-06-02 00:15:00,2025-06-02,trial
1045,2025-06-02,Add Profile Info,True,2025-06-02 00:27:00,2025-06-02,trial
1045,2025-06-02,Connect Payment Method,True,2025-06-02 00:45:00,2025-06-02,free
1045,2025-06-02,Invite Team Member,True,2025-06-02 01:05:00,2025-06-02,free
1045,2025-06-02,Complete Setup Tutorial,True,2025-06-02 01:20:00,2025-06-02,free
1046,2025-06-17,Email Confirmed,False,,2025-06-16,paid
1047,2025-06-22,Email Confirmed,True,2025-06-22 00:08:00,2025-06-16,trial
1047,2025-06-22,Add Profile Info,True,2025-06-22 00:20:00,2025-06-16,paid
1047,2025-06-22,Connect Payment Method,True,2025-06-22 00:25:00,2025-06-16,paid
1047,2025-06-22,Invite Team Member,False,,2025-06-16,paid
1048,2025-06-10,Email Confirmed,True,2025-06-10 00:12:00,2025-06-09,trial
1048,2025-06-10,Add Profile Info,True,2025-06-10 00:31:00,2025-06-09,free
1048,2025-06-10,Connect Payment Method,True,2025-06-10 00:45:00,2025-06-09,paid
1048,2025-06-10,Invite Team Member,False,,2025-06-09,free
1049,2025-06-20,Email Confirmed,True,2025-06-20 00:14:00,2025-06-16,paid
1049,2025-06-20,Add Profile Info,False,,2025-06-16,trial
1050,2025-06-10,Email Confirmed,True,2025-06-10 00:20:00,2025-06-09,paid
1050,2025-06-10,Add Profile Info,True,2025-06-10 00:36:00,2025-06-09,trial
1050,2025-06-10,Connect Payment Method,True,2025-06-10 00:44:00,2025-06-09,paid
1050,2025-06-10,Invite Team Member,True,2025-06-10 00:51:00,2025-06-09,paid
1050,2025-06-10,Complete Setup Tutorial,True,2025-06-10 01:09:00,2025-06-09,paid
1051,2025-06-21,Email Confirmed,True,2025-06-21 00:04:00,2025-06-16,free
1051,2025-06-21,Add Profile Info,True,2025-06-21 00:13:00,2025-06-16,free
1051,2025-06-21,Connect Payment Method,True,2025-06-21 00:16:00,2025-06-16,free
1051,2025-06-21,Invite Team Member,False,,2025-06-16,paid
1052,2025-06-28,Email Confirmed,True,2025-06-28 00:16:00,2025-06-23,trial
1052,2025-06-28,Add Profile Info,False,,2025-06-23,paid
1053,2025-06-07,Email Confirmed,True,2025-06-07 00:14:00,2025-06-02,trial
1053,2025-06-07,Add Profile Info,True,2025-06-07 00:20:00,2025-06-02,paid
1053,2025-06-07,Connect Payment Method,False,,2025-06-02,free
1054,2025-06-25,Email Confirmed,True,2025-06-25 00:07:00,2025-06-23,paid
1054,2025-06-25,Add Profile Info,True,2025-06-25 00:10:00,2025-06-23,paid
1054,2025-06-25,Connect Payment Method,True,2025-06-25 00:15:00,2025-06-23,trial
1054,2025-06-25,Invite Team Member,True,2025-06-25 00:31:00,2025-06-23,paid
1054,2025-06-25,Complete Setup Tutorial,False,,2025-06-23,paid
1055,2025-06-20,Email Confirmed,True,2025-06-20 00:16:00,2025-06-16,paid
1055,2025-06-20,Add Profile Info,False,,2025-06-16,paid
1056,2025-06-14,Email Confirmed,True,2025-06-14 00:19:00,2025-06-09,trial
1056,2025-06-14,Add Profile Info,False,,2025-06-09,paid
1057,2025-06-28,Email Confirmed,True,2025-06-28 00:10:00,2025-06-23,free
1057,2025-06-28,Add Profile Info,False,,2025-06-23,trial
1058,2025-06-25,Email Confirmed,True,2025-06-25 00:17:00,2025-06-23,paid
1058,2025-06-25,Add Profile Info,True,2025-06-25 00:33:00,2025-06-23,free
1058,2025-06-25,Connect Payment Method,False,,2025-06-23,free
1059,2025-06-09,Email Confirmed,True,2025-06-09 00:19:00,2025-06-09,free
1059,2025-06-09,Add Profile Info,True,2025-06-09 00:28:00,2025-06-09,trial
1059,2025-06-09,Connect Payment Method,False,,2025-06-09,paid
1060,2025-06-07,Email Confirmed,True,2025-06-07 00:15:00,2025-06-02,trial
1060,2025-06-07,Add Profile Info,True,2025-06-07 00:30:00,2025-06-02,free
1060,2025-06-07,Connect Payment Method,True,2025-06-07 00:45:00,2025-06-02,trial
1060,2025-06-07,Invite Team Member,False,,2025-06-02,paid
1061,2025-07-01,Email Confirmed,True,2025-07-01 00:20:00,2025-06-30,trial
1061,2025-07-01,Add Profile Info,True,2025-07-01 00:33:00,2025-06-30,trial
1061,2025-07-01,Connect Payment Method,False,,2025-06-30,trial
1062,2025-06-18,Email Confirmed,True,2025-06-18 00:19:00,2025-06-16,paid
1062,2025-06-18,Add Profile Info,False,,2025-06-16,trial
1063,2025-06-08,Email Confirmed,True,2025-06-08 00:17:00,2025-06-02,free
1063,2025-06-08,Add Profile Info,True,2025-06-08 00:31:00,2025-06-02,paid
1063,2025-06-08,Connect Payment Method,True,2025-06-08 00:47:00,2025-06-02,free
1063,2025-06-08,Invite Team Member,False,,2025-06-02,paid
1064,2025-06-01,Email Confirmed,False,,2025-05-26,paid
1065,2025-06-19,Email Confirmed,True,2025-06-19 00:04:00,2025-06-16,paid
1065,2025-06-19,Add Profile Info,True,2025-06-19 00:20:00,2025-06-16,free
1065,2025-06-19,Connect Payment Method,True,2025-06-19 00:34:00,2025-06-16,trial
1065,2025-06-19,Invite Team Member,True,2025-06-19 00:46:00,2025-06-16,trial
1065,2025-06-19,Complete Setup Tutorial,False,,2025-06-16,trial
1066,2025-06-09,Email Confirmed,True,2025-06-09 00:15:00,2025-06-09,trial
1066,2025-06-09,Add Profile Info,False,,2025-06-09,trial
1067,2025-06-01,Email Confirmed,True,2025-06-01 00:03:00,2025-05-26,trial
1067,2025-06-01,Add Profile Info,True,2025-06-01 00:07:00,2025-05-26,paid
1067,2025-06-01,Connect Payment Method,True,2025-06-01 00:09:00,2025-05-26,free
1067,2025-06-01,Invite Team Member,True,2025-06-01 00:11:00,2025-05-26,paid
1067,2025-06-01,Complete Setup Tutorial,True,2025-06-01 00:17:00,2025-05-26,trial
1068,2025-06-22,Email Confirmed,True,2025-06-22 00:08:00,2025-06-16,trial
1068,2025-06-22,Add Profile Info,True,2025-06-22 00:21:00,2025-06-16,free
1068,2025-06-22,Connect Payment Method,True,2025-06-22 00:26:00,2025-06-16,free
1068,2025-06-22,Invite Team Member,False,,2025-06-16,free
1069,2025-06-19,Email Confirmed,True,2025-06-19 00:11:00,2025-06-16,paid
1069,2025-06-19,Add Profile Info,True,2025-06-19 00:25:00,2025-06-16,trial
1069,2025-06-19,Connect Payment Method,False,,2025-06-16,free
1070,2025-06-03,Email Confirmed,True,2025-06-03 00:09:00,2025-06-02,free
1070,2025-06-03,Add Profile Info,True,2025-06-03 00:20:00,2025-06-02,paid
1070,2025-06-03,Connect Payment Method,True,2025-06-03 00:25:00,2025-06-02,paid
1070,2025-06-03,Invite Team Member,False,,2025-06-02,trial
1071,2025-06-18,Email Confirmed,True,2025-06-18 00:13:00,2025-06-16,free
1071,2025-06-18,Add Profile Info,True,2025-06-18 00:25:00,2025-06-16,free
1071,2025-06-18,Connect Payment Method,False,,2025-06-16,trial
1072,2025-06-04,Email Confirmed,True,2025-06-04 00:13:00,2025-06-02,paid
1072,2025-06-04,Add Profile Info,False,,2025-06-02,trial
1073,2025-06-23,Email Confirmed,True,2025-06-23 00:07:00,2025-06-23,paid
1073,2025-06-23,Add Profile Info,True,2025-06-23 00:17:00,2025-06-23,paid
1073,2025-06-23,Connect Payment Method,False,,2025-06-23,paid
1074,2025-06-25,Email Confirmed,True,2025-06-25 00:15:00,2025-06-23,paid
1074,2025-06-25,Add Profile Info,True,2025-06-25 00:27:00,2025-06-23,free
1074,2025-06-25,Connect Payment Method,False,,2025-06-23,free
1075,2025-06-09,Email Confirmed,True,2025-06-09 00:09:00,2025-06-09,trial
1075,2025-06-09,Add Profile Info,True,2025-06-09 00:23:00,2025-06-09,trial
1075,2025-06-09,Connect Payment Method,True,2025-06-09 00:35:00,2025-06-09,free
1075,2025-06-09,Invite Team Member,True,2025-06-09 00:48:00,2025-06-09,trial
1075,2025-06-09,Complete Setup Tutorial,True,2025-06-09 00:58:00,2025-06-09,paid
1076,2025-06-01,Email Confirmed,True,2025-06-01 00:08:00,2025-05-26,free
1076,2025-06-01,Add Profile Info,True,2025-06-01 00:23:00,2025-05-26,trial
1076,2025-06-01,Connect Payment Method,True,2025-06-01 00:32:00,2025-05-26,paid
1076,2025-06-01,Invite Team Member,True,2025-06-01 00:49:00,2025-05-26,trial
1076,2025-06-01,Complete Setup Tutorial,False,,2025-05-26,free
1077,2025-06-10,Email Confirmed,True,2025-06-10 00:09:00,2025-06-09,trial
1077,2025-06-10,Add Profile Info,True,2025-06-10 00:22:00,2025-06-09,trial
1077,2025-06-10,Connect Payment Method,True,2025-06-10 00:35:00,2025-06-09,trial
1077,2025-06-10,Invite Team Member,False,,2025-06-09,paid
1078,2025-06-11,Email Confirmed,True,2025-06-11 00:16:00,2025-06-09,trial
1078,2025-06-11,Add Profile Info,True,2025-06-11 00:25:00,2025-06-09,free
1078,2025-06-11,Connect Payment Method,False,,2025-06-09,trial
1079,2025-06-04,Email Confirmed,True,2025-06-04 00:07:00,2025-06-02,free
1079,2025-06-04,Add Profile Info,True,2025-06-04 00:24:00,2025-06-02,trial
1079,2025-06-04,Connect Payment Method,False,,2025-06-02,paid
1080,2025-06-20,Email Confirmed,True,2025-06-20 00:05:00,2025-06-16,free
1080,2025-06-20,Add Profile Info,True,2025-06-20 00:18:00,2025-06-16,free
1080,2025-06-20,Connect Payment Method,True,2025-06-20 00:37:00,2025-06-16,free
1080,2025-06-20,Invite Team Member,True,2025-06-20 00:40:00,2025-06-16,paid
1080,2025-06-20,Complete Setup Tutorial,True,2025-06-20 00:46:00,2025-06-16,paid
1081,2025-06-28,Email Confirmed,True,2025-06-28 00:05:00,2025-06-23,free
1081,2025-06-28,Add Profile Info,True,2025-06-28 00:22:00,2025-06-23,trial
1081,2025-06-28,Connect Payment Method,True,2025-06-28 00:29:00,2025-06-23,free
1081,2025-06-28,Invite Team Member,True,2025-06-28 00:46:00,2025-06-23,free
1081,2025-06-28,Complete Setup Tutorial,False,,2025-06-23,trial
1082,2025-06-16,Email Confirmed,True,2025-06-16 00:03:00,2025-06-16,free
1082,2025-06-16,Add Profile Info,True,2025-06-16 00:23:00,2025-06-16,trial
1082,2025-06-16,Connect Payment Method,True,2025-06-16 00:32:00,2025-06-16,free
1082,2025-06-16,Invite Team Member,False,,2025-06-16,trial
1083,2025-06-20,Email Confirmed,True,2025-06-20 00:09:00,2025-06-16,paid
1083,2025-06-20,Add Profile Info,True,2025-06-20 00:25:00,2025-06-16,trial
1083,2025-06-20,Connect Payment Method,False,,2025-06-16,trial
1084,2025-06-10,Email Confirmed,True,2025-06-10 00:03:00,2025-06-09,paid
1084,2025-06-10,Add Profile Info,False,,2025-06-09,free
1085,2025-07-01,Email Confirmed,True,2025-07-01 00:08:00,2025-06-30,trial
1085,2025-07-01,Add Profile Info,True,2025-07-01 00:15:00,2025-06-30,free
1085,2025-07-01,Connect Payment Method,True,2025-07-01 00:19:00,2025-06-30,free
1085,2025-07-01,Invite Team Member,True,2025-07-01 00:35:00,2025-06-30,paid
1085,2025-07-01,Complete Setup Tutorial,False,,2025-06-30,trial
1086,2025-06-02,Email Confirmed,True,2025-06-02 00:11:00,2025-06-02,paid
1086,2025-06-02,Add Profile Info,False,,2025-06-02,free
1087,2025-06-22,Email Confirmed,True,2025-06-22 00:10:00,2025-06-16,paid
1087,2025-06-22,Add Profile Info,True,2025-06-22 00:18:00,2025-06-16,trial
1087,2025-06-22,Connect Payment Method,True,2025-06-22 00:27:00,2025-06-16,paid
1087,2025-06-22,Invite Team Member,True,2025-06-22 00:37:00,2025-06-16,free
1087,2025-06-22,Complete Setup Tutorial,True,2025-06-22 00:44:00,2025-06-16,trial
1088,2025-06-20,Email Confirmed,True,2025-06-20 00:20:00,2025-06-16,trial
1088,2025-06-20,Add Profile Info,True,2025-06-20 00:36:00,2025-06-16,paid
1088,2025-06-20,Connect Payment Method,True,2025-06-20 00:50:00,2025-06-16,trial
1088,2025-06-20,Invite Team Member,True,2025-06-20 01:07:00,2025-06-16,trial
1088,2025-06-20,Complete Setup Tutorial,True,2025-06-20 01:10:00,2025-06-16,trial
1089,2025-06-24,Email Confirmed,True,2025-06-24 00:10:00,2025-06-23,free
1089,2025-06-24,Add Profile Info,True,2025-06-24 00:30:00,2025-06-23,paid
1089,2025-06-24,Connect Payment Method,False,,2025-06-23,paid
1090,2025-06-27,Email Confirmed,True,2025-06-27 00:03:00,2025-06-23,free
1090,2025-06-27,Add Profile Info,True,2025-06-27 00:19:00,2025-06-23,trial
1090,2025-06-27,Connect Payment Method,True,2025-06-27 00:39:00,2025-06-23,trial
1090,2025-06-27,Invite Team Member,False,,2025-06-23,trial
1091,2025-06-03,Email Confirmed,True,2025-06-03 00:15:00,2025-06-02,trial
1091,2025-06-03,Add Profile Info,True,2025-06-03 00:20:00,2025-06-02,free
1091,2025-06-03,Connect Payment Method,True,2025-06-03 00:37:00,2025-06-02,trial
1091,2025-06-03,Invite Team Member,False,,2025-06-02,trial
1092,2025-06-27,Email Confirmed,True,2025-06-27 00:03:00,2025-06-23,trial
1092,2025-06-27,Add Profile Info,True,2025-06-27 00:13:00,2025-06-23,trial
1092,2025-06-27,Connect Payment Method,True,2025-06-27 00:27:00,2025-06-23,paid
1092,2025-06-27,Invite Team Member,False,,2025-06-23,free
1093,2025-06-22,Email Confirmed,True,2025-06-22 00:16:00,2025-06-16,trial
1093,2025-06-22,Add Profile Info,True,2025-06-22 00:34:00,2025-06-16,trial
1093,2025-06-22,Connect Payment Method,True,2025-06-22 00:51:00,2025-06-16,paid
1093,2025-06-22,Invite Team Member,True,2025-06-22 00:54:00,2025-06-16,free
1093,2025-06-22,Complete Setup Tutorial,True,2025-06-22 01:00:00,2025-06-16,trial
1094,2025-06-15,Email Confirmed,True,2025-06-15 00:17:00,2025-06-09,free
1094,2025-06-15,Add Profile Info,True,2025-06-15 00:26:00,2025-06-09,paid
1094,2025-06-15,Connect Payment Method,True,2025-06-15 00:45:00,2025-06-09,free
1094,2025-06-15,Invite Team Member,False,,2025-06-09,free
1095,2025-06-08,Email Confirmed,False,,2025-06-02,free
1096,2025-06-15,Email Confirmed,False,,2025-06-09,paid
1097,2025-06-27,Email Confirmed,True,2025-06-27 00:11:00,2025-06-23,paid
1097,2025-06-27,Add Profile Info,True,2025-06-27 00:26:00,2025-06-23,trial
1097,2025-06-27,Connect Payment Method,False,,2025-06-23,free
1098,2025-06-15,Email Confirmed,True,2025-06-15 00:14:00,2025-06-09,free
1098,2025-06-15,Add Profile Info,False,,2025-06-09,paid
1099,2025-06-24,Email Confirmed,True,2025-06-24 00:04:00,2025-06-23,trial
1099,2025-06-24,Add Profile Info,True,2025-06-24 00:19:00,2025-06-23,trial
1099,2025-06-24,Connect Payment Method,False,,2025-06-23,paid
1100,2025-06-09,Email Confirmed,True,2025-06-09 00:11:00,2025-06-09,paid
1100,2025-06-09,Add Profile Info,True,2025-06-09 00:31:00,2025-06-09,paid
1100,2025-06-09,Connect Payment Method,False,,2025-06-09,trial
1101,2025-06-28,Email Confirmed,True,2025-06-28 00:19:00,2025-06-23,trial
1101,2025-06-28,Add Profile Info,True,2025-06-28 00:38:00,2025-06-23,paid
1101,2025-06-28,Connect Payment Method,True,2025-06-28 00:50:00,2025-06-23,free
1101,2025-06-28,Invite Team Member,False,,2025-06-23,free
1102,2025-06-19,Email Confirmed,True,2025-06-19 00:15:00,2025-06-16,free
1102,2025-06-19,Add Profile Info,True,2025-06-19 00:32:00,2025-06-16,paid
1102,2025-06-19,Connect Payment Method,False,,2025-06-16,trial
1103,2025-06-13,Email Confirmed,False,,2025-06-09,paid
1104,2025-06-05,Email Confirmed,True,2025-06-05 00:03:00,2025-06-02,free
1104,2025-06-05,Add Profile Info,True,2025-06-05 00:23:00,2025-06-02,trial
1104,2025-06-05,Connect Payment Method,False,,2025-06-02,trial
1105,2025-06-04,Email Confirmed,True,2025-06-04 00:16:00,2025-06-02,free
1105,2025-06-04,Add Profile Info,True,2025-06-04 00:31:00,2025-06-02,paid
1105,2025-06-04,Connect Payment Method,False,,2025-06-02,free
1106,2025-06-16,Email Confirmed,True,2025-06-16 00:10:00,2025-06-16,trial
1106,2025-06-16,Add Profile Info,True,2025-06-16 00:24:00,2025-06-16,paid
1106,2025-06-16,Connect Payment Method,True,2025-06-16 00:36:00,2025-06-16,paid
1106,2025-06-16,Invite Team Member,False,,2025-06-16,trial
1107,2025-07-01,Email Confirmed,True,2025-07-01 00:17:00,2025-06-30,paid
1107,2025-07-01,Add Profile Info,True,2025-07-01 00:21:00,2025-06-30,free
1107,2025-07-01,Connect Payment Method,True,2025-07-01 00:32:00,2025-06-30,free
1107,2025-07-01,Invite Team Member,False,,2025-06-30,trial
1108,2025-06-04,Email Confirmed,True,2025-06-04 00:05:00,2025-06-02,trial
1108,2025-06-04,Add Profile Info,True,2025-06-04 00:16:00,2025-06-02,free
1108,2025-06-04,Connect Payment Method,True,2025-06-04 00:19:00,2025-06-02,trial
1108,2025-06-04,Invite Team Member,True,2025-06-04 00:34:00,2025-06-02,free
1108,2025-06-04,Complete Setup Tutorial,True,2025-06-04 00:49:00,2025-06-02,paid
1109,2025-06-22,Email Confirmed,True,2025-06-22 00:07:00,2025-06-16,free
1109,2025-06-22,Add Profile Info,True,2025-06-22 00:21:00,2025-06-16,paid
1109,2025-06-22,Connect Payment Method,False,,2025-06-16,trial
1110,2025-06-30,Email Confirmed,True,2025-06-30 00:09:00,2025-06-30,trial
1110,2025-06-30,Add Profile Info,True,2025-06-30 00:25:00,2025-06-30,trial
1110,2025-06-30,Connect Payment Method,False,,2025-06-30,trial
1111,2025-06-29,Email Confirmed,True,2025-06-29 00:19:00,2025-06-23,free
1111,2025-06-29,Add Profile Info,True,2025-06-29 00:32:00,2025-06-23,paid
1111,2025-06-29,Connect Payment Method,True,2025-06-29 00:47:00,2025-06-23,paid
1111,2025-06-29,Invite Team Member,True,2025-06-29 00:58:00,2025-06-23,free
1111,2025-06-29,Complete Setup Tutorial,False,,2025-06-23,trial
1112,2025-06-04,Email Confirmed,True,2025-06-04 00:20:00,2025-06-02,trial
1112,2025-06-04,Add Profile Info,True,2025-06-04 00:31:00,2025-06-02,free
1112,2025-06-04,Connect Payment Method,False,,2025-06-02,paid
1113,2025-06-13,Email Confirmed,True,2025-06-13 00:20:00,2025-06-09,paid
1113,2025-06-13,Add Profile Info,True,2025-06-13 00:23:00,2025-06-09,paid
1113,2025-06-13,Connect Payment Method,False,,2025-06-09,trial
1114,2025-06-25,Email Confirmed,True,2025-06-25 00:13:00,2025-06-23,free
1114,2025-06-25,Add Profile Info,True,2025-06-25 00:23:00,2025-06-23,paid
1114,2025-06-25,Connect Payment Method,False,,2025-06-23,paid
1115,2025-06-22,Email Confirmed,True,2025-06-22 00:05:00,2025-06-16,paid
1115,2025-06-22,Add Profile Info,True,2025-06-22 00:16:00,2025-06-16,trial
1115,2025-06-22,Connect Payment Method,True,2025-06-22 00:29:00,2025-06-16,paid
1115,2025-06-22,Invite Team Member,True,2025-06-22 00:40:00,2025-06-16,trial
1115,2025-06-22,Complete Setup Tutorial,False,,2025-06-16,free
1116,2025-06-07,Email Confirmed,True,2025-06-07 00:19:00,2025-06-02,trial
1116,2025-06-07,Add Profile Info,True,2025-06-07 00:29:00,2025-06-02,free
1116,2025-06-07,Connect Payment Method,True,2025-06-07 00:46:00,2025-06-02,trial
1116,2025-06-07,Invite Team Member,False,,2025-06-02,trial
1117,2025-06-26,Email Confirmed,True,2025-06-26 00:04:00,2025-06-23,free
1117,2025-06-26,Add Profile Info,True,2025-06-26 00:13:00,2025-06-23,paid
1117,2025-06-26,Connect Payment Method,False,,2025-06-23,trial
1118,2025-07-01,Email Confirmed,True,2025-07-01 00:19:00,2025-06-30,trial
1118,2025-07-01,Add Profile Info,True,2025-07-01 00:33:00,2025-06-30,free
1118,2025-07-01,Connect Payment Method,True,2025-07-01 00:38:00,2025-06-30,trial
1118,2025-07-01,Invite Team Member,True,2025-07-01 00:48:00,2025-06-30,paid
1118,2025-07-01,Complete Setup Tutorial,True,2025-07-01 01:01:00,2025-06-30,free
1119,2025-06-22,Email Confirmed,True,2025-06-22 00:02:00,2025-06-16,paid
1119,2025-06-22,Add Profile Info,False,,2025-06-16,paid
1120,2025-06-11,Email Confirmed,False,,2025-06-09,free
1121,2025-06-21,Email Confirmed,True,2025-06-21 00:16:00,2025-06-16,paid
1121,2025-06-21,Add Profile Info,True,2025-06-21 00:31:00,2025-06-16,free
1121,2025-06-21,Connect Payment Method,True,2025-06-21 00:34:00,2025-06-16,trial
1121,2025-06-21,Invite Team Member,False,,2025-06-16,free
1122,2025-06-04,Email Confirmed,True,2025-06-04 00:19:00,2025-06-02,free
1122,2025-06-04,Add Profile Info,True,2025-06-04 00:32:00,2025-06-02,paid
1122,2025-06-04,Connect Payment Method,False,,2025-06-02,paid
1123,2025-07-01,Email Confirmed,True,2025-07-01 00:20:00,2025-06-30,paid
1123,2025-07-01,Add Profile Info,True,2025-07-01 00:35:00,2025-06-30,paid
1123,2025-07-01,Connect Payment Method,True,2025-07-01 00:52:00,2025-06-30,paid
1123,2025-07-01,Invite Team Member,True,2025-07-01 01:02:00,2025-06-30,free
1123,2025-07-01,Complete Setup Tutorial,False,,2025-06-30,free
1124,2025-06-15,Email Confirmed,True,2025-06-15 00:09:00,2025-06-09,trial
1124,2025-06-15,Add Profile Info,True,2025-06-15 00:22:00,2025-06-09,paid
1124,2025-06-15,Connect Payment Method,False,,2025-06-09,paid
1125,2025-06-12,Email Confirmed,True,2025-06-12 00:10:00,2025-06-09,free
1125,2025-06-12,Add Profile Info,False,,2025-06-09,trial
1126,2025-06-03,Email Confirmed,True,2025-06-03 00:02:00,2025-06-02,free
1126,2025-06-03,Add Profile Info,False,,2025-06-02,free
1127,2025-06-05,Email Confirmed,True,2025-06-05 00:08:00,2025-06-02,free
1127,2025-06-05,Add Profile Info,False,,2025-06-02,paid
1128,2025-06-07,Email Confirmed,True,2025-06-07 00:09:00,2025-06-02,trial
1128,2025-06-07,Add Profile Info,True,2025-06-07 00:11:00,2025-06-02,trial
1128,2025-06-07,Connect Payment Method,False,,2025-06-02,free
1129,2025-06-05,Email Confirmed,True,2025-06-05 00:07:00,2025-06-02,free
1129,2025-06-05,Add Profile Info,True,2025-06-05 00:09:00,2025-06-02,free
1129,2025-06-05,Connect Payment Method,True,2025-06-05 00:18:00,2025-06-02,paid
1129,2025-06-05,Invite Team Member,True,2025-06-05 00:25:00,2025-06-02,trial
1129,2025-06-05,Complete Setup Tutorial,True,2025-06-05 00:40:00,2025-06-02,paid
1130,2025-06-04,Email Confirmed,True,2025-06-04 00:17:00,2025-06-02,trial
1130,2025-06-04,Add Profile Info,True,2025-06-04 00:35:00,2025-06-02,paid
1130,2025-06-04,Connect Payment Method,True,2025-06-04 00:53:00,2025-06-02,free
1130,2025-06-04,Invite Team Member,False,,2025-06-02,free
1131,2025-06-24,Email Confirmed,True,2025-06-24 00:18:00,2025-06-23,trial
1131,2025-06-24,Add Profile Info,True,2025-06-24 00:20:00,2025-06-23,free
1131,2025-06-24,Connect Payment Method,False,,2025-06-23,trial
1132,2025-06-14,Email Confirmed,True,2025-06-14 00:17:00,2025-06-09,paid
1132,2025-06-14,Add Profile Info,False,,2025-06-09,free
1133,2025-06-29,Email Confirmed,True,2025-06-29 00:06:00,2025-06-23,free
1133,2025-06-29,Add Profile Info,True,2025-06-29 00:26:00,2025-06-23,paid
1133,2025-06-29,Connect Payment Method,False,,2025-06-23,trial
1134,2025-06-20,Email Confirmed,True,2025-06-20 00:16:00,2025-06-16,paid
1134,2025-06-20,Add Profile Info,True,2025-06-20 00:21:00,2025-06-16,paid
1134,2025-06-20,Connect Payment Method,True,2025-06-20 00:40:00,2025-06-16,paid
1134,2025-06-20,Invite Team Member,False,,2025-06-16,trial
1135,2025-06-15,Email Confirmed,True,2025-06-15 00:15:00,2025-06-09,trial
1135,2025-06-15,Add Profile Info,False,,2025-06-09,trial
1136,2025-06-14,Email Confirmed,True,2025-06-14 00:12:00,2025-06-09,trial
1136,2025-06-14,Add Profile Info,True,2025-06-14 00:22:00,2025-06-09,trial
1136,2025-06-14,Connect Payment Method,False,,2025-06-09,paid
1137,2025-06-30,Email Confirmed,True,2025-06-30 00:04:00,2025-06-30,free
1137,2025-06-30,Add Profile Info,True,2025-06-30 00:09:00,2025-06-30,paid
1137,2025-06-30,Connect Payment Method,False,,2025-06-30,free
1138,2025-06-18,Email Confirmed,True,2025-06-18 00:19:00,2025-06-16,paid
1138,2025-06-18,Add Profile Info,True,2025-06-18 00:24:00,2025-06-16,trial
1138,2025-06-18,Connect Payment Method,True,2025-06-18 00:39:00,2025-06-16,paid
1138,2025-06-18,Invite Team Member,True,2025-06-18 00:50:00,2025-06-16,paid
1138,2025-06-18,Complete Setup Tutorial,True,2025-06-18 00:55:00,2025-06-16,paid
1139,2025-06-17,Email Confirmed,True,2025-06-17 00:17:00,2025-06-16,free
1139,2025-06-17,Add Profile Info,False,,2025-06-16,trial
1140,2025-06-28,Email Confirmed,True,2025-06-28 00:05:00,2025-06-23,trial
1140,2025-06-28,Add Profile Info,True,2025-06-28 00:20:00,2025-06-23,paid
1140,2025-06-28,Connect Payment Method,False,,2025-06-23,paid
1141,2025-06-20,Email Confirmed,True,2025-06-20 00:19:00,2025-06-16,free
1141,2025-06-20,Add Profile Info,True,2025-06-20 00:29:00,2025-06-16,free
1141,2025-06-20,Connect Payment Method,True,2025-06-20 00:40:00,2025-06-16,trial
1141,2025-06-20,Invite Team Member,True,2025-06-20 00:47:00,2025-06-16,free
1141,2025-06-20,Complete Setup Tutorial,False,,2025-06-16,trial
1142,2025-06-03,Email Confirmed,True,2025-06-03 00:02:00,2025-06-02,free
1142,2025-06-03,Add Profile Info,True,2025-06-03 00:10:00,2025-06-02,trial
1142,2025-06-03,Connect Payment Method,True,2025-06-03 00:22:00,2025-06-02,free
1142,2025-06-03,Invite Team Member,True,2025-06-03 00:34:00,2025-06-02,paid
1142,2025-06-03,Complete Setup Tutorial,False,,2025-06-02,free
1143,2025-06-05,Email Confirmed,True,2025-06-05 00:03:00,2025-06-02,paid
1143,2025-06-05,Add Profile Info,True,2025-06-05 00:19:00,2025-06-02,paid
1143,2025-06-05,Connect Payment Method,True,2025-06-05 00:35:00,2025-06-02,trial
1143,2025-06-05,Invite Team Member,True,2025-06-05 00:53:00,2025-06-02,free
1143,2025-06-05,Complete Setup Tutorial,True,2025-06-05 00:58:00,2025-06-02,trial
1144,2025-06-22,Email Confirmed,True,2025-06-22 00:17:00,2025-06-16,paid
1144,2025-06-22,Add Profile Info,True,2025-06-22 00:20:00,2025-06-16,free
1144,2025-06-22,Connect Payment Method,True,2025-06-22 00:23:00,2025-06-16,free
1144,2025-06-22,Invite Team Member,True,2025-06-22 00:31:00,2025-06-16,free
1144,2025-06-22,Complete Setup Tutorial,False,,2025-06-16,trial
1145,2025-06-11,Email Confirmed,True,2025-06-11 00:17:00,2025-06-09,paid
1145,2025-06-11,Add Profile Info,True,2025-06-11 00:23:00,2025-06-09,trial
1145,2025-06-11,Connect Payment Method,True,2025-06-11 00:32:00,2025-06-09,paid
1145,2025-06-11,Invite Team Member,False,,2025-06-09,paid
1146,2025-06-26,Email Confirmed,True,2025-06-26 00:14:00,2025-06-23,paid
1146,2025-06-26,Add Profile Info,True,2025-06-26 00:16:00,2025-06-23,trial
1146,2025-06-26,Connect Payment Method,False,,2025-06-23,trial
1147,2025-06-19,Email Confirmed,True,2025-06-19 00:14:00,2025-06-16,paid
1147,2025-06-19,Add Profile Info,True,2025-06-19 00:25:00,2025-06-16,free
1147,2025-06-19,Connect Payment Method,True,2025-06-19 00:37:00,2025-06-16,free
1147,2025-06-19,Invite Team Member,False,,2025-06-16,paid
1148,2025-06-15,Email Confirmed,True,2025-06-15 00:13:00,2025-06-09,free
1148,2025-06-15,Add Profile Info,True,2025-06-15 00:18:00,2025-06-09,free
1148,2025-06-15,Connect Payment Method,True,2025-06-15 00:32:00,2025-06-09,paid
1148,2025-06-15,Invite Team Member,True,2025-06-15 00:43:00,2025-06-09,paid
1148,2025-06-15,Complete Setup Tutorial,True,2025-06-15 00:55:00,2025-06-09,free
1149,2025-06-03,Email Confirmed,True,2025-06-03 00:05:00,2025-06-02,paid
1149,2025-06-03,Add Profile Info,True,2025-06-03 00:18:00,2025-06-02,trial
1149,2025-06-03,Connect Payment Method,False,,2025-06-02,paid
1150,2025-06-27,Email Confirmed,True,2025-06-27 00:05:00,2025-06-23,free
1150,2025-06-27,Add Profile Info,True,2025-06-27 00:12:00,2025-06-23,paid
1150,2025-06-27,Connect Payment Method,True,2025-06-27 00:16:00,2025-06-23,free
1150,2025-06-27,Invite Team Member,False,,2025-06-23,paid
1151,2025-06-16,Email Confirmed,True,2025-06-16 00:20:00,2025-06-16,paid
1151,2025-06-16,Add Profile Info,True,2025-06-16 00:40:00,2025-06-16,paid
1151,2025-06-16,Connect Payment Method,True,2025-06-16 00:52:00,2025-06-16,paid
1151,2025-06-16,Invite Team Member,True,2025-06-16 01:08:00,2025-06-16,free
1151,2025-06-16,Complete Setup Tutorial,False,,2025-06-16,paid
1152,2025-06-10,Email Confirmed,True,2025-06-10 00:20:00,2025-06-09,free
1152,2025-06-10,Add Profile Info,True,2025-06-10 00:24:00,2025-06-09,trial
1152,2025-06-10,Connect Payment Method,True,2025-06-10 00:27:00,2025-06-09,free
1152,2025-06-10,Invite Team Member,True,2025-06-10 00:38:00,2025-06-09,free
1152,2025-06-10,Complete Setup Tutorial,False,,2025-06-09,free
1153,2025-06-20,Email Confirmed,True,2025-06-20 00:14:00,2025-06-16,trial
1153,2025-06-20,Add Profile Info,True,2025-06-20 00:17:00,2025-06-16,trial
1153,2025-06-20,Connect Payment Method,False,,2025-06-16,paid
1154,2025-06-21,Email Confirmed,True,2025-06-21 00:17:00,2025-06-16,paid
1154,2025-06-21,Add Profile Info,True,2025-06-21 00:20:00,2025-06-16,trial
1154,2025-06-21,Connect Payment Method,True,2025-06-21 00:32:00,2025-06-16,paid
1154,2025-06-21,Invite Team Member,True,2025-06-21 00:39:00,2025-06-16,free
1154,2025-06-21,Complete Setup Tutorial,True,2025-06-21 00:55:00,2025-06-16,trial
1155,2025-06-17,Email Confirmed,True,2025-06-17 00:07:00,2025-06-16,trial
1155,2025-06-17,Add Profile Info,True,2025-06-17 00:18:00,2025-06-16,trial
1155,2025-06-17,Connect Payment Method,True,2025-06-17 00:30:00,2025-06-16,paid
1155,2025-06-17,Invite Team Member,False,,2025-06-16,paid
1156,2025-06-21,Email Confirmed,True,2025-06-21 00:12:00,2025-06-16,free
1156,2025-06-21,Add Profile Info,True,2025-06-21 00:26:00,2025-06-16,trial
1156,2025-06-21,Connect Payment Method,True,2025-06-21 00:32:00,2025-06-16,trial
1156,2025-06-21,Invite Team Member,True,2025-06-21 00:38:00,2025-06-16,trial
1156,2025-06-21,Complete Setup Tutorial,True,2025-06-21 00:52:00,2025-06-16,free
1157,2025-06-20,Email Confirmed,True,2025-06-20 00:04:00,2025-06-16,trial
1157,2025-06-20,Add Profile Info,True,2025-06-20 00:16:00,2025-06-16,free
1157,2025-06-20,Connect Payment Method,False,,2025-06-16,paid
1158,2025-06-22,Email Confirmed,False,,2025-06-16,free
1159,2025-06-21,Email Confirmed,True,2025-06-21 00:18:00,2025-06-16,trial
1159,2025-06-21,Add Profile Info,True,2025-06-21 00:29:00,2025-06-16,free
1159,2025-06-21,Connect Payment Method,False,,2025-06-16,trial
1160,2025-07-01,Email Confirmed,True,2025-07-01 00:08:00,2025-06-30,free
1160,2025-07-01,Add Profile Info,False,,2025-06-30,free
1161,2025-06-03,Email Confirmed,True,2025-06-03 00:05:00,2025-06-02,paid
1161,2025-06-03,Add Profile Info,True,2025-06-03 00:23:00,2025-06-02,free
1161,2025-06-03,Connect Payment Method,False,,2025-06-02,paid
1162,2025-06-05,Email Confirmed,True,2025-06-05 00:06:00,2025-06-02,free
1162,2025-06-05,Add Profile Info,True,2025-06-05 00:13:00,2025-06-02,paid
1162,2025-06-05,Connect Payment Method,True,2025-06-05 00:28:00,2025-06-02,trial
1162,2025-06-05,Invite Team Member,False,,2025-06-02,free
1163,2025-06-15,Email Confirmed,True,2025-06-15 00:16:00,2025-06-09,free
1163,2025-06-15,Add Profile Info,True,2025-06-15 00:27:00,2025-06-09,trial
1163,2025-06-15,Connect Payment Method,False,,2025-06-09,free
1164,2025-06-12,Email Confirmed,True,2025-06-12 00:20:00,2025-06-09,trial
1164,2025-06-12,Add Profile Info,True,2025-06-12 00:31:00,2025-06-09,trial
1164,2025-06-12,Connect Payment Method,True,2025-06-12 00:46:00,2025-06-09,free
1164,2025-06-12,Invite Team Member,False,,2025-06-09,paid
1165,2025-06-05,Email Confirmed,True,2025-06-05 00:03:00,2025-06-02,paid
1165,2025-06-05,Add Profile Info,True,2025-06-05 00:16:00,2025-06-02,paid
1165,2025-06-05,Connect Payment Method,False,,2025-06-02,paid
1166,2025-06-28,Email Confirmed,True,2025-06-28 00:05:00,2025-06-23,trial
1166,2025-06-28,Add Profile Info,True,2025-06-28 00:12:00,2025-06-23,trial
1166,2025-06-28,Connect Payment Method,True,2025-06-28 00:30:00,2025-06-23,free
1166,2025-06-28,Invite Team Member,False,,2025-06-23,free
1167,2025-07-01,Email Confirmed,False,,2025-06-30,trial
1168,2025-06-29,Email Confirmed,True,2025-06-29 00:02:00,2025-06-23,trial
1168,2025-06-29,Add Profile Info,True,2025-06-29 00:20:00,2025-06-23,trial
1168,2025-06-29,Connect Payment Method,True,2025-06-29 00:24:00,2025-06-23,trial
1168,2025-06-29,Invite Team Member,True,2025-06-29 00:36:00,2025-06-23,free
1168,2025-06-29,Complete Setup Tutorial,False,,2025-06-23,paid
1169,2025-06-11,Email Confirmed,True,2025-06-11 00:06:00,2025-06-09,free
1169,2025-06-11,Add Profile Info,True,2025-06-11 00:23:00,2025-06-09,paid
1169,2025-06-11,Connect Payment Method,False,,2025-06-09,paid
1170,2025-06-16,Email Confirmed,True,2025-06-16 00:02:00,2025-06-16,free
1170,2025-06-16,Add Profile Info,True,2025-06-16 00:10:00,2025-06-16,free
1170,2025-06-16,Connect Payment Method,True,2025-06-16 00:28:00,2025-06-16,trial
1170,2025-06-16,Invite Team Member,True,2025-06-16 00:39:00,2025-06-16,free
1170,2025-06-16,Complete Setup Tutorial,True,2025-06-16 00:42:00,2025-06-16,free
1171,2025-06-14,Email Confirmed,True,2025-06-14 00:16:00,2025-06-09,free
1171,2025-06-14,Add Profile Info,True,2025-06-14 00:33:00,2025-06-09,paid
1171,2025-06-14,Connect Payment Method,True,2025-06-14 00:51:00,2025-06-09,paid
1171,2025-06-14,Invite Team Member,True,2025-06-14 00:57:00,2025-06-09,trial
1171,2025-06-14,Complete Setup Tutorial,False,,2025-06-09,paid
1172,2025-06-12,Email Confirmed,True,2025-06-12 00:15:00,2025-06-09,free
1172,2025-06-12,Add Profile Info,True,2025-06-12 00:19:00,2025-06-09,paid
1172,2025-06-12,Connect Payment Method,False,,2025-06-09,free
1173,2025-07-01,Email Confirmed,True,2025-07-01 00:18:00,2025-06-30,paid
1173,2025-07-01,Add Profile Info,True,2025-07-01 00:32:00,2025-06-30,trial
1173,2025-07-01,Connect Payment Method,True,2025-07-01 00:46:00,2025-06-30,trial
1173,2025-07-01,Invite Team Member,True,2025-07-01 00:48:00,2025-06-30,trial
1173,2025-07-01,Complete Setup Tutorial,False,,2025-06-30,trial
1174,2025-06-08,Email Confirmed,True,2025-06-08 00:05:00,2025-06-02,paid
1174,2025-06-08,Add Profile Info,True,2025-06-08 00:17:00,2025-06-02,free
1174,2025-06-08,Connect Payment Method,True,2025-06-08 00:36:00,2025-06-02,trial
1174,2025-06-08,Invite Team Member,False,,2025-06-02,free
1175,2025-06-27,Email Confirmed,True,2025-06-27 00:16:00,2025-06-23,paid
1175,2025-06-27,Add Profile Info,True,2025-06-27 00:23:00,2025-06-23,free
1175,2025-06-27,Connect Payment Method,True,2025-06-27 00:39:00,2025-06-23,free
1175,2025-06-27,Invite Team Member,True,2025-06-27 00:42:00,2025-06-23,free
1175,2025-06-27,Complete Setup Tutorial,False,,2025-06-23,trial
1176,2025-06-30,Email Confirmed,True,2025-06-30 00:14:00,2025-06-30,paid
1176,2025-06-30,Add Profile Info,True,2025-06-30 00:17:00,2025-06-30,paid
1176,2025-06-30,Connect Payment Method,True,2025-06-30 00:30:00,2025-06-30,free
1176,2025-06-30,Invite Team Member,False,,2025-06-30,trial
1177,2025-06-09,Email Confirmed,True,2025-06-09 00:13:00,2025-06-09,trial
1177,2025-06-09,Add Profile Info,False,,2025-06-09,paid
1178,2025-06-15,Email Confirmed,True,2025-06-15 00:14:00,2025-06-09,trial
1178,2025-06-15,Add Profile Info,False,,2025-06-09,trial
1179,2025-06-23,Email Confirmed,True,2025-06-23 00:18:00,2025-06-23,trial
1179,2025-06-23,Add Profile Info,False,,2025-06-23,paid
1180,2025-06-14,Email Confirmed,True,2025-06-14 00:07:00,2025-06-09,paid
1180,2025-06-14,Add Profile Info,True,2025-06-14 00:12:00,2025-06-09,free
1180,2025-06-14,Connect Payment Method,True,2025-06-14 00:23:00,2025-06-09,trial
1180,2025-06-14,Invite Team Member,True,2025-06-14 00:38:00,2025-06-09,free
1180,2025-06-14,Complete Setup Tutorial,False,,2025-06-09,trial
1181,2025-06-15,Email Confirmed,True,2025-06-15 00:13:00,2025-06-09,paid
1181,2025-06-15,Add Profile Info,False,,2025-06-09,trial
1182,2025-06-21,Email Confirmed,False,,2025-06-16,free
1183,2025-06-03,Email Confirmed,True,2025-06-03 00:14:00,2025-06-02,trial
1183,2025-06-03,Add Profile Info,True,2025-06-03 00:21:00,2025-06-02,free
1183,2025-06-03,Connect Payment Method,True,2025-06-03 00:37:00,2025-06-02,free
1183,2025-06-03,Invite Team Member,True,2025-06-03 00:46:00,2025-06-02,paid
1183,2025-06-03,Complete Setup Tutorial,True,2025-06-03 01:00:00,2025-06-02,paid
1184,2025-06-02,Email Confirmed,True,2025-06-02 00:16:00,2025-06-02,trial
1184,2025-06-02,Add Profile Info,True,2025-06-02 00:20:00,2025-06-02,paid
1184,2025-06-02,Connect Payment Method,True,2025-06-02 00:33:00,2025-06-02,trial
1184,2025-06-02,Invite Team Member,True,2025-06-02 00:43:00,2025-06-02,free
1184,2025-06-02,Complete Setup Tutorial,False,,2025-06-02,free
1185,2025-06-24,Email Confirmed,True,2025-06-24 00:18:00,2025-06-23,trial
1185,2025-06-24,Add Profile Info,False,,2025-06-23,free
1186,2025-06-09,Email Confirmed,True,2025-06-09 00:16:00,2025-06-09,free
1186,2025-06-09,Add Profile Info,False,,2025-06-09,trial
1187,2025-06-23,Email Confirmed,False,,2025-06-23,trial
1188,2025-06-07,Email Confirmed,True,2025-06-07 00:04:00,2025-06-02,trial
1188,2025-06-07,Add Profile Info,True,2025-06-07 00:20:00,2025-06-02,free
1188,2025-06-07,Connect Payment Method,False,,2025-06-02,trial
1189,2025-06-22,Email Confirmed,True,2025-06-22 00:04:00,2025-06-16,paid
1189,2025-06-22,Add Profile Info,True,2025-06-22 00:15:00,2025-06-16,free
1189,2025-06-22,Connect Payment Method,False,,2025-06-16,paid
1190,2025-06-21,Email Confirmed,True,2025-06-21 00:13:00,2025-06-16,paid
1190,2025-06-21,Add Profile Info,True,2025-06-21 00:21:00,2025-06-16,free
1190,2025-06-21,Connect Payment Method,True,2025-06-21 00:38:00,2025-06-16,free
1190,2025-06-21,Invite Team Member,True,2025-06-21 00:58:00,2025-06-16,trial
1190,2025-06-21,Complete Setup Tutorial,False,,2025-06-16,paid
1191,2025-06-05,Email Confirmed,True,2025-06-05 00:04:00,2025-06-02,free
1191,2025-06-05,Add Profile Info,True,2025-06-05 00:21:00,2025-06-02,paid
1191,2025-06-05,Connect Payment Method,True,2025-06-05 00:36:00,2025-06-02,paid
1191,2025-06-05,Invite Team Member,True,2025-06-05 00:48:00,2025-06-02,paid
1191,2025-06-05,Complete Setup Tutorial,True,2025-06-05 01:04:00,2025-06-02,paid
1192,2025-06-17,Email Confirmed,True,2025-06-17 00:19:00,2025-06-16,paid
1192,2025-06-17,Add Profile Info,True,2025-06-17 00:25:00,2025-06-16,trial
1192,2025-06-17,Connect Payment Method,True,2025-06-17 00:28:00,2025-06-16,free
1192,2025-06-17,Invite Team Member,True,2025-06-17 00:39:00,2025-06-16,free
1192,2025-06-17,Complete Setup Tutorial,True,2025-06-17 00:48:00,2025-06-16,trial
1193,2025-07-01,Email Confirmed,False,,2025-06-30,trial
1194,2025-06-28,Email Confirmed,True,2025-06-28 00:08:00,2025-06-23,paid
1194,2025-06-28,Add Profile Info,False,,2025-06-23,trial
1195,2025-06-05,Email Confirmed,True,2025-06-05 00:19:00,2025-06-02,free
1195,2025-06-05,Add Profile Info,True,2025-06-05 00:26:00,2025-06-02,paid
1195,2025-06-05,Connect Payment Method,False,,2025-06-02,free
1196,2025-06-06,Email Confirmed,True,2025-06-06 00:12:00,2025-06-02,paid
1196,2025-06-06,Add Profile Info,True,2025-06-06 00:14:00,2025-06-02,free
1196,2025-06-06,Connect Payment Method,True,2025-06-06 00:34:00,2025-06-02,trial
1196,2025-06-06,Invite Team Member,False,,2025-06-02,paid
1197,2025-06-14,Email Confirmed,True,2025-06-14 00:02:00,2025-06-09,trial
1197,2025-06-14,Add Profile Info,False,,2025-06-09,paid
1198,2025-06-10,Email Confirmed,True,2025-06-10 00:11:00,2025-06-09,trial
1198,2025-06-10,Add Profile Info,True,2025-06-10 00:25:00,2025-06-09,trial
1198,2025-06-10,Connect Payment Method,True,2025-06-10 00:28:00,2025-06-09,free
1198,2025-06-10,Invite Team Member,True,2025-06-10 00:45:00,2025-06-09,trial
1198,2025-06-10,Complete Setup Tutorial,True,2025-06-10 00:51:00,2025-06-09,trial
1199,2025-06-28,Email Confirmed,True,2025-06-28 00:13:00,2025-06-23,trial
1199,2025-06-28,Add Profile Info,True,2025-06-28 00:26:00,2025-06-23,paid
1199,2025-06-28,Connect Payment Method,True,2025-06-28 00:38:00,2025-06-23,free
1199,2025-06-28,Invite Team Member,True,2025-06-28 00:48:00,2025-06-23,trial
1199,2025-06-28,Complete Setup Tutorial,True,2025-06-28 00:53:00,2025-06-23,free
1200,2025-06-10,Email Confirmed,False,,2025-06-09,paid
1201,2025-06-14,Email Confirmed,True,2025-06-14 00:07:00,2025-06-09,trial
1201,2025-06-14,Add Profile Info,False,,2025-06-09,paid
1202,2025-06-11,Email Confirmed,True,2025-06-11 00:07:00,2025-06-09,trial
1202,2025-06-11,Add Profile Info,False,,2025-06-09,trial
1203,2025-06-16,Email Confirmed,True,2025-06-16 00:17:00,2025-06-16,free
1203,2025-06-16,Add Profile Info,True,2025-06-16 00:31:00,2025-06-16,paid
1203,2025-06-16,Connect Payment Method,True,2025-06-16 00:40:00,2025-06-16,free
1203,2025-06-16,Invite Team Member,False,,2025-06-16,free
1204,2025-06-02,Email Confirmed,True,2025-06-02 00:17:00,2025-06-02,trial
1204,2025-06-02,Add Profile Info,True,2025-06-02 00:22:00,2025-06-02,trial
1204,2025-06-02,Connect Payment Method,True,2025-06-02 00:32:00,2025-06-02,paid
1204,2025-06-02,Invite Team Member,True,2025-06-02 00:46:00,2025-06-02,trial
1204,2025-06-02,Complete Setup Tutorial,True,2025-06-02 00:49:00,2025-06-02,paid
1205,2025-06-18,Email Confirmed,True,2025-06-18 00:19:00,2025-06-16,trial
1205,2025-06-18,Add Profile Info,True,2025-06-18 00:37:00,2025-06-16,trial
1205,2025-06-18,Connect Payment Method,False,,2025-06-16,trial
1206,2025-06-27,Email Confirmed,False,,2025-06-23,paid
1207,2025-06-20,Email Confirmed,True,2025-06-20 00:05:00,2025-06-16,trial
1207,2025-06-20,Add Profile Info,True,2025-06-20 00:17:00,2025-06-16,paid
1207,2025-06-20,Connect Payment Method,False,,2025-06-16,free
1208,2025-06-07,Email Confirmed,True,2025-06-07 00:14:00,2025-06-02,paid
1208,2025-06-07,Add Profile Info,True,2025-06-07 00:17:00,2025-06-02,free
1208,2025-06-07,Connect Payment Method,False,,2025-06-02,trial
1209,2025-06-17,Email Confirmed,True,2025-06-17 00:18:00,2025-06-16,free
1209,2025-06-17,Add Profile Info,True,2025-06-17 00:30:00,2025-06-16,free
1209,2025-06-17,Connect Payment Method,True,2025-06-17 00:41:00,2025-06-16,paid
1209,2025-06-17,Invite Team Member,True,2025-06-17 00:59:00,2025-06-16,paid
1209,2025-06-17,Complete Setup Tutorial,False,,2025-06-16,paid
1210,2025-06-10,Email Confirmed,True,2025-06-10 00:02:00,2025-06-09,trial
1210,2025-06-10,Add Profile Info,True,2025-06-10 00:07:00,2025-06-09,trial
1210,2025-06-10,Connect Payment Method,True,2025-06-10 00:09:00,2025-06-09,paid
1210,2025-06-10,Invite Team Member,True,2025-06-10 00:29:00,2025-06-09,paid
1210,2025-06-10,Complete Setup Tutorial,True,2025-06-10 00:32:00,2025-06-09,paid
1211,2025-06-16,Email Confirmed,True,2025-06-16 00:14:00,2025-06-16,free
1211,2025-06-16,Add Profile Info,False,,2025-06-16,free
1212,2025-06-02,Email Confirmed,True,2025-06-02 00:05:00,2025-06-02,free
1212,2025-06-02,Add Profile Info,True,2025-06-02 00:17:00,2025-06-02,trial
1212,2025-06-02,Connect Payment Method,True,2025-06-02 00:25:00,2025-06-02,trial
1212,2025-06-02,Invite Team Member,True,2025-06-02 00:42:00,2025-06-02,paid
1212,2025-06-02,Complete Setup Tutorial,False,,2025-06-02,paid
1213,2025-06-05,Email Confirmed,True,2025-06-05 00:19:00,2025-06-02,trial
1213,2025-06-05,Add Profile Info,False,,2025-06-02,trial
1214,2025-06-17,Email Confirmed,True,2025-06-17 00:07:00,2025-06-16,trial
1214,2025-06-17,Add Profile Info,False,,2025-06-16,trial
1215,2025-06-18,Email Confirmed,True,2025-06-18 00:10:00,2025-06-16,paid
1215,2025-06-18,Add Profile Info,True,2025-06-18 00:19:00,2025-06-16,trial
1215,2025-06-18,Connect Payment Method,True,2025-06-18 00:28:00,2025-06-16,trial
1215,2025-06-18,Invite Team Member,False,,2025-06-16,paid
1216,2025-06-07,Email Confirmed,True,2025-06-07 00:17:00,2025-06-02,trial
1216,2025-06-07,Add Profile Info,True,2025-06-07 00:36:00,2025-06-02,paid
1216,2025-06-07,Connect Payment Method,True,2025-06-07 00:41:00,2025-06-02,paid
1216,2025-06-07,Invite Team Member,False,,2025-06-02,trial
1217,2025-06-29,Email Confirmed,False,,2025-06-23,trial
1218,2025-07-01,Email Confirmed,True,2025-07-01 00:06:00,2025-06-30,trial
1218,2025-07-01,Add Profile Info,True,2025-07-01 00:10:00,2025-06-30,trial
1218,2025-07-01,Connect Payment Method,False,,2025-06-30,paid
1219,2025-06-09,Email Confirmed,True,2025-06-09 00:08:00,2025-06-09,free
1219,2025-06-09,Add Profile Info,False,,2025-06-09,trial
1220,2025-06-30,Email Confirmed,True,2025-06-30 00:10:00,2025-06-30,free
1220,2025-06-30,Add Profile Info,True,2025-06-30 00:30:00,2025-06-30,free
1220,2025-06-30,Connect Payment Method,True,2025-06-30 00:48:00,2025-06-30,free
1220,2025-06-30,Invite Team Member,False,,2025-06-30,free
1221,2025-06-04,Email Confirmed,True,2025-06-04 00:17:00,2025-06-02,free
1221,2025-06-04,Add Profile Info,True,2025-06-04 00:23:00,2025-06-02,free
1221,2025-06-04,Connect Payment Method,False,,2025-06-02,free
1222,2025-06-14,Email Confirmed,True,2025-06-14 00:17:00,2025-06-09,trial
1222,2025-06-14,Add Profile Info,True,2025-06-14 00:28:00,2025-06-09,trial
1222,2025-06-14,Connect Payment Method,True,2025-06-14 00:31:00,2025-06-09,free
1222,2025-06-14,Invite Team Member,False,,2025-06-09,free
1223,2025-06-18,Email Confirmed,True,2025-06-18 00:03:00,2025-06-16,free
1223,2025-06-18,Add Profile Info,True,2025-06-18 00:10:00,2025-06-16,free
1223,2025-06-18,Connect Payment Method,False,,2025-06-16,trial
1224,2025-06-26,Email Confirmed,True,2025-06-26 00:11:00,2025-06-23,free
1224,2025-06-26,Add Profile Info,True,2025-06-26 00:31:00,2025-06-23,paid
1224,2025-06-26,Connect Payment Method,True,2025-06-26 00:43:00,2025-06-23,trial
1224,2025-06-26,Invite Team Member,True,2025-06-26 01:02:00,2025-06-23,paid
1224,2025-06-26,Complete Setup Tutorial,False,,2025-06-23,free
1225,2025-06-28,Email Confirmed,True,2025-06-28 00:10:00,2025-06-23,free
1225,2025-06-28,Add Profile Info,False,,2025-06-23,trial
1226,2025-06-06,Email Confirmed,True,2025-06-06 00:10:00,2025-06-02,paid
1226,2025-06-06,Add Profile Info,True,2025-06-06 00:22:00,2025-06-02,trial
1226,2025-06-06,Connect Payment Method,True,2025-06-06 00:30:00,2025-06-02,free
1226,2025-06-06,Invite Team Member,False,,2025-06-02,paid
1227,2025-06-29,Email Confirmed,True,2025-06-29 00:15:00,2025-06-23,paid
1227,2025-06-29,Add Profile Info,True,2025-06-29 00:29:00,2025-06-23,paid
1227,2025-06-29,Connect Payment Method,True,2025-06-29 00:35:00,2025-06-23,trial
1227,2025-06-29,Invite Team Member,True,2025-06-29 00:44:00,2025-06-23,free
1227,2025-06-29,Complete Setup Tutorial,True,2025-06-29 00:53:00,2025-06-23,trial
1228,2025-06-25,Email Confirmed,True,2025-06-25 00:12:00,2025-06-23,trial
1228,2025-06-25,Add Profile Info,True,2025-06-25 00:32:00,2025-06-23,free
1228,2025-06-25,Connect Payment Method,True,2025-06-25 00:45:00,2025-06-23,paid
1228,2025-06-25,Invite Team Member,True,2025-06-25 00:50:00,2025-06-23,trial
1228,2025-06-25,Complete Setup Tutorial,True,2025-06-25 01:04:00,2025-06-23,paid
1229,2025-06-17,Email Confirmed,False,,2025-06-16,paid
1230,2025-06-25,Email Confirmed,True,2025-06-25 00:05:00,2025-06-23,paid
1230,2025-06-25,Add Profile Info,False,,2025-06-23,trial
1231,2025-06-12,Email Confirmed,True,2025-06-12 00:09:00,2025-06-09,free
1231,2025-06-12,Add Profile Info,True,2025-06-12 00:25:00,2025-06-09,paid
1231,2025-06-12,Connect Payment Method,False,,2025-06-09,trial
1232,2025-06-14,Email Confirmed,True,2025-06-14 00:17:00,2025-06-09,paid
1232,2025-06-14,Add Profile Info,False,,2025-06-09,free
1233,2025-06-25,Email Confirmed,True,2025-06-25 00:04:00,2025-06-23,paid
1233,2025-06-25,Add Profile Info,True,2025-06-25 00:17:00,2025-06-23,free
1233,2025-06-25,Connect Payment Method,False,,2025-06-23,free
1234,2025-06-02,Email Confirmed,True,2025-06-02 00:18:00,2025-06-02,free
1234,2025-06-02,Add Profile Info,True,2025-06-02 00:24:00,2025-06-02,free
1234,2025-06-02,Connect Payment Method,True,2025-06-02 00:42:00,2025-06-02,trial
1234,2025-06-02,Invite Team Member,True,2025-06-02 00:50:00,2025-06-02,paid
1234,2025-06-02,Complete Setup Tutorial,False,,2025-06-02,free
1235,2025-06-29,Email Confirmed,True,2025-06-29 00:03:00,2025-06-23,trial
1235,2025-06-29,Add Profile Info,True,2025-06-29 00:18:00,2025-06-23,trial
1235,2025-06-29,Connect Payment Method,True,2025-06-29 00:37:00,2025-06-23,trial
1235,2025-06-29,Invite Team Member,False,,2025-06-23,trial
1236,2025-06-24,Email Confirmed,True,2025-06-24 00:10:00,2025-06-23,free
1236,2025-06-24,Add Profile Info,True,2025-06-24 00:30:00,2025-06-23,free
1236,2025-06-24,Connect Payment Method,True,2025-06-24 00:43:00,2025-06-23,paid
1236,2025-06-24,Invite Team Member,True,2025-06-24 00:46:00,2025-06-23,free
1236,2025-06-24,Complete Setup Tutorial,False,,2025-06-23,trial
1237,2025-06-02,Email Confirmed,True,2025-06-02 00:07:00,2025-06-02,free
1237,2025-06-02,Add Profile Info,True,2025-06-02 00:22:00,2025-06-02,trial
1237,2025-06-02,Connect Payment Method,False,,2025-06-02,trial
1238,2025-06-15,Email Confirmed,True,2025-06-15 00:14:00,2025-06-09,trial
1238,2025-06-15,Add Profile Info,True,2025-06-15 00:33:00,2025-06-09,free
1238,2025-06-15,Connect Payment Method,True,2025-06-15 00:46:00,2025-06-09,free
1238,2025-06-15,Invite Team Member,True,2025-06-15 01:05:00,2025-06-09,trial
1238,2025-06-15,Complete Setup Tutorial,False,,2025-06-09,paid
1239,2025-06-08,Email Confirmed,True,2025-06-08 00:02:00,2025-06-02,trial
1239,2025-06-08,Add Profile Info,True,2025-06-08 00:21:00,2025-06-02,trial
1239,2025-06-08,Connect Payment Method,True,2025-06-08 00:30:00,2025-06-02,free
1239,2025-06-08,Invite Team Member,True,2025-06-08 00:36:00,2025-06-02,trial
1239,2025-06-08,Complete Setup Tutorial,True,2025-06-08 00:41:00,2025-06-02,free
1240,2025-06-26,Email Confirmed,True,2025-06-26 00:02:00,2025-06-23,free
1240,2025-06-26,Add Profile Info,True,2025-06-26 00:07:00,2025-06-23,paid
1240,2025-06-26,Connect Payment Method,True,2025-06-26 00:10:00,2025-06-23,free
1240,2025-06-26,Invite Team Member,False,,2025-06-23,trial
1241,2025-06-15,Email Confirmed,True,2025-06-15 00:08:00,2025-06-09,free
1241,2025-06-15,Add Profile Info,True,2025-06-15 00:19:00,2025-06-09,free
1241,2025-06-15,Connect Payment Method,False,,2025-06-09,paid
1242,2025-06-19,Email Confirmed,True,2025-06-19 00:12:00,2025-06-16,free
1242,2025-06-19,Add Profile Info,True,2025-06-19 00:18:00,2025-06-16,paid
1242,2025-06-19,Connect Payment Method,True,2025-06-19 00:33:00,2025-06-16,trial
1242,2025-06-19,Invite Team Member,True,2025-06-19 00:52:00,2025-06-16,paid
1242,2025-06-19,Complete Setup Tutorial,False,,2025-06-16,free
1243,2025-06-21,Email Confirmed,True,2025-06-21 00:19:00,2025-06-16,trial
1243,2025-06-21,Add Profile Info,True,2025-06-21 00:32:00,2025-06-16,paid
1243,2025-06-21,Connect Payment Method,False,,2025-06-16,paid
1244,2025-06-11,Email Confirmed,True,2025-06-11 00:15:00,2025-06-09,free
1244,2025-06-11,Add Profile Info,True,2025-06-11 00:22:00,2025-06-09,paid
1244,2025-06-11,Connect Payment Method,True,2025-06-11 00:31:00,2025-06-09,trial
1244,2025-06-11,Invite Team Member,False,,2025-06-09,free
1245,2025-06-26,Email Confirmed,True,2025-06-26 00:03:00,2025-06-23,paid
1245,2025-06-26,Add Profile Info,True,2025-06-26 00:18:00,2025-06-23,paid
1245,2025-06-26,Connect Payment Method,True,2025-06-26 00:32:00,2025-06-23,free
1245,2025-06-26,Invite Team Member,True,2025-06-26 00:44:00,2025-06-23,paid
1245,2025-06-26,Complete Setup Tutorial,True,2025-06-26 01:00:00,2025-06-23,trial
1246,2025-06-03,Email Confirmed,True,2025-06-03 00:08:00,2025-06-02,free
1246,2025-06-03,Add Profile Info,True,2025-06-03 00:11:00,2025-06-02,free
1246,2025-06-03,Connect Payment Method,True,2025-06-03 00:31:00,2025-06-02,paid
1246,2025-06-03,Invite Team Member,False,,2025-06-02,free
1247,2025-06-16,Email Confirmed,True,2025-06-16 00:12:00,2025-06-16,trial
1247,2025-06-16,Add Profile Info,False,,2025-06-16,free
1248,2025-06-07,Email Confirmed,False,,2025-06-02,paid
1249,2025-06-04,Email Confirmed,True,2025-06-04 00:17:00,2025-06-02,free
1249,2025-06-04,Add Profile Info,True,2025-06-04 00:25:00,2025-06-02,trial
1249,2025-06-04,Connect Payment Method,False,,2025-06-02,paid
1250,2025-06-11,Email Confirmed,True,2025-06-11 00:14:00,2025-06-09,trial
1250,2025-06-11,Add Profile Info,True,2025-06-11 00:27:00,2025-06-09,trial
1250,2025-06-11,Connect Payment Method,True,2025-06-11 00:45:00,2025-06-09,trial
1250,2025-06-11,Invite Team Member,True,2025-06-11 01:02:00,2025-06-09,trial
1250,2025-06-11,Complete Setup Tutorial,False,,2025-06-09,trial
1251,2025-06-11,Email Confirmed,True,2025-06-11 00:20:00,2025-06-09,free
1251,2025-06-11,Add Profile Info,True,2025-06-11 00:22:00,2025-06-09,trial
1251,2025-06-11,Connect Payment Method,True,2025-06-11 00:42:00,2025-06-09,paid
1251,2025-06-11,Invite Team Member,False,,2025-06-09,trial
1252,2025-06-05,Email Confirmed,True,2025-06-05 00:09:00,2025-06-02,trial
1252,2025-06-05,Add Profile Info,True,2025-06-05 00:18:00,2025-06-02,trial
1252,2025-06-05,Connect Payment Method,True,2025-06-05 00:30:00,2025-06-02,trial
1252,2025-06-05,Invite Team Member,False,,2025-06-02,trial
1253,2025-07-01,Email Confirmed,True,2025-07-01 00:17:00,2025-06-30,trial
1253,2025-07-01,Add Profile Info,True,2025-07-01 00:30:00,2025-06-30,free
1253,2025-07-01,Connect Payment Method,True,2025-07-01 00:49:00,2025-06-30,trial
1253,2025-07-01,Invite Team Member,True,2025-07-01 01:08:00,2025-06-30,paid
1253,2025-07-01,Complete Setup Tutorial,False,,2025-06-30,paid
1254,2025-06-02,Email Confirmed,True,2025-06-02 00:04:00,2025-06-02,paid
1254,2025-06-02,Add Profile Info,True,2025-06-02 00:06:00,2025-06-02,trial
1254,2025-06-02,Connect Payment Method,True,2025-06-02 00:15:00,2025-06-02,free
1254,2025-06-02,Invite Team Member,False,,2025-06-02,free
1255,2025-06-07,Email Confirmed,True,2025-06-07 00:13:00,2025-06-02,free
1255,2025-06-07,Add Profile Info,True,2025-06-07 00:30:00,2025-06-02,paid
1255,2025-06-07,Connect Payment Method,True,2025-06-07 00:32:00,2025-06-02,paid
1255,2025-06-07,Invite Team Member,False,,2025-06-02,free
1256,2025-06-01,Email Confirmed,True,2025-06-01 00:10:00,2025-05-26,paid
1256,2025-06-01,Add Profile Info,False,,2025-05-26,free
1257,2025-06-17,Email Confirmed,True,2025-06-17 00:15:00,2025-06-16,free
1257,2025-06-17,Add Profile Info,True,2025-06-17 00:20:00,2025-06-16,paid
1257,2025-06-17,Connect Payment Method,True,2025-06-17 00:28:00,2025-06-16,paid
1257,2025-06-17,Invite Team Member,True,2025-06-17 00:41:00,2025-06-16,trial
1257,2025-06-17,Complete Setup Tutorial,False,,2025-06-16,free
1258,2025-06-12,Email Confirmed,False,,2025-06-09,trial
1259,2025-06-19,Email Confirmed,True,2025-06-19 00:09:00,2025-06-16,trial
1259,2025-06-19,Add Profile Info,True,2025-06-19 00:13:00,2025-06-16,paid
1259,2025-06-19,Connect Payment Method,False,,2025-06-16,paid
1260,2025-06-25,Email Confirmed,True,2025-06-25 00:14:00,2025-06-23,trial
1260,2025-06-25,Add Profile Info,True,2025-06-25 00:31:00,2025-06-23,free
1260,2025-06-25,Connect Payment Method,True,2025-06-25 00:38:00,2025-06-23,free
1260,2025-06-25,Invite Team Member,True,2025-06-25 00:53:00,2025-06-23,paid
1260,2025-06-25,Complete Setup Tutorial,False,,2025-06-23,paid
1261,2025-06-28,Email Confirmed,False,,2025-06-23,paid
1262,2025-06-30,Email Confirmed,True,2025-06-30 00:08:00,2025-06-30,paid
1262,2025-06-30,Add Profile Info,False,,2025-06-30,trial
1263,2025-06-09,Email Confirmed,True,2025-06-09 00:04:00,2025-06-09,paid
1263,2025-06-09,Add Profile Info,False,,2025-06-09,paid
1264,2025-06-19,Email Confirmed,True,2025-06-19 00:07:00,2025-06-16,trial
1264,2025-06-19,Add Profile Info,True,2025-06-19 00:15:00,2025-06-16,paid
1264,2025-06-19,Connect Payment Method,True,2025-06-19 00:29:00,2025-06-16,free
1264,2025-06-19,Invite Team Member,True,2025-06-19 00:49:00,2025-06-16,free
1264,2025-06-19,Complete Setup Tutorial,False,,2025-06-16,trial
1265,2025-06-22,Email Confirmed,True,2025-06-22 00:12:00,2025-06-16,trial
1265,2025-06-22,Add Profile Info,True,2025-06-22 00:18:00,2025-06-16,paid
1265,2025-06-22,Connect Payment Method,False,,2025-06-16,paid
1266,2025-06-24,Email Confirmed,False,,2025-06-23,free
1267,2025-06-04,Email Confirmed,True,2025-06-04 00:04:00,2025-06-02,trial
1267,2025-06-04,Add Profile Info,True,2025-06-04 00:18:00,2025-06-02,trial
1267,2025-06-04,Connect Payment Method,True,2025-06-04 00:28:00,2025-06-02,trial
1267,2025-06-04,Invite Team Member,True,2025-06-04 00:41:00,2025-06-02,paid
1267,2025-06-04,Complete Setup Tutorial,False,,2025-06-02,trial
1268,2025-06-06,Email Confirmed,True,2025-06-06 00:14:00,2025-06-02,free
1268,2025-06-06,Add Profile Info,True,2025-06-06 00:25:00,2025-06-02,free
1268,2025-06-06,Connect Payment Method,False,,2025-06-02,free
1269,2025-06-09,Email Confirmed,True,2025-06-09 00:06:00,2025-06-09,paid
1269,2025-06-09,Add Profile Info,True,2025-06-09 00:19:00,2025-06-09,free
1269,2025-06-09,Connect Payment Method,True,2025-06-09 00:30:00,2025-06-09,trial
1269,2025-06-09,Invite Team Member,True,2025-06-09 00:40:00,2025-06-09,free
1269,2025-06-09,Complete Setup Tutorial,True,2025-06-09 00:47:00,2025-06-09,trial
1270,2025-06-15,Email Confirmed,True,2025-06-15 00:18:00,2025-06-09,trial
1270,2025-06-15,Add Profile Info,True,2025-06-15 00:22:00,2025-06-09,trial
1270,2025-06-15,Connect Payment Method,True,2025-06-15 00:34:00,2025-06-09,trial
1270,2025-06-15,Invite Team Member,True,2025-06-15 00:49:00,2025-06-09,trial
1270,2025-06-15,Complete Setup Tutorial,False,,2025-06-09,paid
1271,2025-06-29,Email Confirmed,True,2025-06-29 00:09:00,2025-06-23,paid
1271,2025-06-29,Add Profile Info,True,2025-06-29 00:23:00,2025-06-23,free
1271,2025-06-29,Connect Payment Method,True,2025-06-29 00:34:00,2025-06-23,trial
1271,2025-06-29,Invite Team Member,True,2025-06-29 00:38:00,2025-06-23,free
1271,2025-06-29,Complete Setup Tutorial,False,,2025-06-23,trial
1272,2025-06-10,Email Confirmed,True,2025-06-10 00:04:00,2025-06-09,trial
1272,2025-06-10,Add Profile Info,True,2025-06-10 00:13:00,2025-06-09,paid
1272,2025-06-10,Connect Payment Method,True,2025-06-10 00:21:00,2025-06-09,trial
1272,2025-06-10,Invite Team Member,True,2025-06-10 00:32:00,2025-06-09,free
1272,2025-06-10,Complete Setup Tutorial,False,,2025-06-09,trial
1273,2025-06-27,Email Confirmed,True,2025-06-27 00:12:00,2025-06-23,trial
1273,2025-06-27,Add Profile Info,True,2025-06-27 00:18:00,2025-06-23,trial
1273,2025-06-27,Connect Payment Method,True,2025-06-27 00:26:00,2025-06-23,trial
1273,2025-06-27,Invite Team Member,True,2025-06-27 00:40:00,2025-06-23,trial
1273,2025-06-27,Complete Setup Tutorial,True,2025-06-27 00:57:00,2025-06-23,paid
1274,2025-06-26,Email Confirmed,True,2025-06-26 00:14:00,2025-06-23,trial
1274,2025-06-26,Add Profile Info,False,,2025-06-23,trial
1275,2025-06-12,Email Confirmed,True,2025-06-12 00:20:00,2025-06-09,free
1275,2025-06-12,Add Profile Info,True,2025-06-12 00:39:00,2025-06-09,free
1275,2025-06-12,Connect Payment Method,False,,2025-06-09,paid
1276,2025-06-01,Email Confirmed,False,,2025-05-26,trial
1277,2025-07-01,Email Confirmed,True,2025-07-01 00:16:00,2025-06-30,trial
1277,2025-07-01,Add Profile Info,False,,2025-06-30,free
1278,2025-06-27,Email Confirmed,True,2025-06-27 00:15:00,2025-06-23,paid
1278,2025-06-27,Add Profile Info,True,2025-06-27 00:26:00,2025-06-23,free
1278,2025-06-27,Connect Payment Method,True,2025-06-27 00:32:00,2025-06-23,paid
1278,2025-06-27,Invite Team Member,True,2025-06-27 00:46:00,2025-06-23,free
1278,2025-06-27,Complete Setup Tutorial,False,,2025-06-23,paid
1279,2025-06-16,Email Confirmed,True,2025-06-16 00:19:00,2025-06-16,paid
1279,2025-06-16,Add Profile Info,False,,2025-06-16,paid
1280,2025-06-14,Email Confirmed,True,2025-06-14 00:13:00,2025-06-09,paid
1280,2025-06-14,Add Profile Info,False,,2025-06-09,paid
1281,2025-06-20,Email Confirmed,True,2025-06-20 00:04:00,2025-06-16,free
1281,2025-06-20,Add Profile Info,True,2025-06-20 00:17:00,2025-06-16,free
1281,2025-06-20,Connect Payment Method,True,2025-06-20 00:20:00,2025-06-16,paid
1281,2025-06-20,Invite Team Member,False,,2025-06-16,paid
1282,2025-06-21,Email Confirmed,True,2025-06-21 00:12:00,2025-06-16,trial
1282,2025-06-21,Add Profile Info,True,2025-06-21 00:17:00,2025-06-16,trial
1282,2025-06-21,Connect Payment Method,True,2025-06-21 00:35:00,2025-06-16,paid
1282,2025-06-21,Invite Team Member,False,,2025-06-16,paid
1283,2025-06-08,Email Confirmed,True,2025-06-08 00:14:00,2025-06-02,trial
1283,2025-06-08,Add Profile Info,True,2025-06-08 00:34:00,2025-06-02,paid
1283,2025-06-08,Connect Payment Method,True,2025-06-08 00:47:00,2025-06-02,free
1283,2025-06-08,Invite Team Member,True,2025-06-08 00:58:00,2025-06-02,trial
1283,2025-06-08,Complete Setup Tutorial,False,,2025-06-02,free
1284,2025-06-04,Email Confirmed,True,2025-06-04 00:06:00,2025-06-02,trial
1284,2025-06-04,Add Profile Info,True,2025-06-04 00:22:00,2025-06-02,free
1284,2025-06-04,Connect Payment Method,True,2025-06-04 00:35:00,2025-06-02,trial
1284,2025-06-04,Invite Team Member,True,2025-06-04 00:51:00,2025-06-02,trial
1284,2025-06-04,Complete Setup Tutorial,True,2025-06-04 00:54:00,2025-06-02,paid
1285,2025-06-04,Email Confirmed,True,2025-06-04 00:12:00,2025-06-02,paid
1285,2025-06-04,Add Profile Info,True,2025-06-04 00:19:00,2025-06-02,paid
1285,2025-06-04,Connect Payment Method,True,2025-06-04 00:26:00,2025-06-02,paid
1285,2025-06-04,Invite Team Member,True,2025-06-04 00:45:00,2025-06-02,trial
1285,2025-06-04,Complete Setup Tutorial,False,,2025-06-02,free
1286,2025-06-26,Email Confirmed,True,2025-06-26 00:07:00,2025-06-23,free
1286,2025-06-26,Add Profile Info,True,2025-06-26 00:22:00,2025-06-23,trial
1286,2025-06-26,Connect Payment Method,True,2025-06-26 00:30:00,2025-06-23,trial
1286,2025-06-26,Invite Team Member,False,,2025-06-23,trial
1287,2025-06-01,Email Confirmed,True,2025-06-01 00:08:00,2025-05-26,trial
1287,2025-06-01,Add Profile Info,True,2025-06-01 00:12:00,2025-05-26,paid
1287,2025-06-01,Connect Payment Method,True,2025-06-01 00:31:00,2025-05-26,free
1287,2025-06-01,Invite Team Member,True,2025-06-01 00:39:00,2025-05-26,trial
1287,2025-06-01,Complete Setup Tutorial,True,2025-06-01 00:56:00,2025-05-26,paid
1288,2025-07-01,Email Confirmed,True,2025-07-01 00:14:00,2025-06-30,paid
1288,2025-07-01,Add Profile Info,True,2025-07-01 00:19:00,2025-06-30,trial
1288,2025-07-01,Connect Payment Method,True,2025-07-01 00:35:00,2025-06-30,paid
1288,2025-07-01,Invite Team Member,True,2025-07-01 00:46:00,2025-06-30,paid
1288,2025-07-01,Complete Setup Tutorial,False,,2025-06-30,paid
1289,2025-06-05,Email Confirmed,True,2025-06-05 00:09:00,2025-06-02,trial
1289,2025-06-05,Add Profile Info,True,2025-06-05 00:22:00,2025-06-02,paid
1289,2025-06-05,Connect Payment Method,True,2025-06-05 00:36:00,2025-06-02,trial
1289,2025-06-05,Invite Team Member,False,,2025-06-02,paid
1290,2025-06-13,Email Confirmed,True,2025-06-13 00:17:00,2025-06-09,paid
1290,2025-06-13,Add Profile Info,True,2025-06-13 00:24:00,2025-06-09,paid
1290,2025-06-13,Connect Payment Method,True,2025-06-13 00:35:00,2025-06-09,free
1290,2025-06-13,Invite Team Member,True,2025-06-13 00:51:00,2025-06-09,paid
1290,2025-06-13,Complete Setup Tutorial,True,2025-06-13 01:04:00,2025-06-09,free
1291,2025-06-16,Email Confirmed,True,2025-06-16 00:14:00,2025-06-16,paid
1291,2025-06-16,Add Profile Info,True,2025-06-16 00:31:00,2025-06-16,trial
1291,2025-06-16,Connect Payment Method,False,,2025-06-16,trial
1292,2025-06-23,Email Confirmed,True,2025-06-23 00:17:00,2025-06-23,free
1292,2025-06-23,Add Profile Info,True,2025-06-23 00:19:00,2025-06-23,free
1292,2025-06-23,Connect Payment Method,True,2025-06-23 00:29:00,2025-06-23,free
1292,2025-06-23,Invite Team Member,True,2025-06-23 00:36:00,2025-06-23,trial
1292,2025-06-23,Complete Setup Tutorial,False,,2025-06-23,trial
1293,2025-06-18,Email Confirmed,True,2025-06-18 00:20:00,2025-06-16,free
1293,2025-06-18,Add Profile Info,True,2025-06-18 00:39:00,2025-06-16,trial
1293,2025-06-18,Connect Payment Method,True,2025-06-18 00:42:00,2025-06-16,paid
1293,2025-06-18,Invite Team Member,True,2025-06-18 00:50:00,2025-06-16,trial
1293,2025-06-18,Complete Setup Tutorial,True,2025-06-18 00:59:00,2025-06-16,trial
1294,2025-06-28,Email Confirmed,False,,2025-06-23,trial
1295,2025-06-09,Email Confirmed,True,2025-06-09 00:04:00,2025-06-09,trial
1295,2025-06-09,Add Profile Info,False,,2025-06-09,free
1296,2025-06-25,Email Confirmed,True,2025-06-25 00:08:00,2025-06-23,paid
1296,2025-06-25,Add Profile Info,True,2025-06-25 00:21:00,2025-06-23,paid
1296,2025-06-25,Connect Payment Method,True,2025-06-25 00:36:00,2025-06-23,free
1296,2025-06-25,Invite Team Member,False,,2025-06-23,free
1297,2025-06-27,Email Confirmed,True,2025-06-27 00:03:00,2025-06-23,paid
1297,2025-06-27,Add Profile Info,True,2025-06-27 00:13:00,2025-06-23,paid
1297,2025-06-27,Connect Payment Method,True,2025-06-27 00:25:00,2025-06-23,paid
1297,2025-06-27,Invite Team Member,True,2025-06-27 00:45:00,2025-06-23,trial
1297,2025-06-27,Complete Setup Tutorial,False,,2025-06-23,paid
1298,2025-06-29,Email Confirmed,True,2025-06-29 00:05:00,2025-06-23,free
1298,2025-06-29,Add Profile Info,False,,2025-06-23,trial
1299,2025-06-30,Email Confirmed,True,2025-06-30 00:10:00,2025-06-30,paid
1299,2025-06-30,Add Profile Info,True,2025-06-30 00:16:00,2025-06-30,free
1299,2025-06-30,Connect Payment Method,True,2025-06-30 00:28:00,2025-06-30,free
1299,2025-06-30,Invite Team Member,False,,2025-06-30,paid
1300,2025-06-13,Email Confirmed,True,2025-06-13 00:20:00,2025-06-09,paid
1300,2025-06-13,Add Profile Info,True,2025-06-13 00:35:00,2025-06-09,trial
1300,2025-06-13,Connect Payment Method,True,2025-06-13 00:39:00,2025-06-09,trial
1300,2025-06-13,Invite Team Member,True,2025-06-13 00:49:00,2025-06-09,paid
1300,2025-06-13,Complete Setup Tutorial,False,,2025-06-09,trial
